SoftConstraints 31,A,1,10,30,60,180,600
,traveltime,5.5,7.0,7.0,7.0,6.0,4.0
,percentage,2.5237340923115975e-30,2.9558634897488076e-24,7.110817152962877e-21,2.4218601765644814e-19,1.7167309975676842e-13,7.042962777240932e-05
,notsched,1,0,0,0,0,0
