SoftConstraints 31,B,1,10,30,60,180,600
,traveltime,5.5,7.0,7.0,6.0,6.0,6.0
,percentage,4.1261692528721805e-27,2.5788722877221246e-23,5.81998923897123e-22,1.3453892050551697e-20,6.601604580865362e-17,9.369516908525884e-11
,notsched,1,0,0,0,0,0
