SoftConstraints 31,C,1,10,30,60,180,600
,traveltime,6.0,6.0,6.0,6.0,6.5,4.0
,percentage,2.9750302046485464e-27,2.3237959406043765e-22,2.6866799385229e-20,2.28339907316651e-19,2.552104246703024e-19,6.60168174085616e-17
,notsched,1,1,1,1,1,1
