SoftConstraints 31,D,1,10,30,60,180,600
,traveltime,4.5,4.5,4.5,4.5,4.0,4.0
,percentage,1.6582149026742546e-22,5.090726575832434e-20,6.804297236966682e-14,3.342953440305447e-10,0.008069071269631833,0
,notsched,0,0,0,0,0,0
