SoftConstraints 31,E,1,10,30,60,180,600
,traveltime,6.5,6.5,8.0,8.0,4.5,4.0
,percentage,3.595799403804329e-31,2.5170591224018854e-28,1.7557570299874291e-22,4.313016961855737e-19,0.0002521556345084652,0
,notsched,1,1,0,0,0,0
