SoftConstraints 34,A,1,10,30,60,180,600
,traveltime,7.0,7.0,6.5,7.5,7.5,9.0
,percentage,5.039250850948402e-30,1.5772370575562646e-27,3.4014941631395104e-27,4.2527346439146255e-26,1.0631256147720318e-24,1.1879257397292826e-15
,notsched,2,2,2,1,1,0
