SoftConstraints 34,B,1,10,30,60,180,600
,traveltime,6.0,6.0,7.0,6.0,6.0,6.0
,percentage,3.3751575166064804e-26,4.9412308006443875e-23,4.809805325945699e-20,1.1567304795521847e-12,2.3174634866955993e-12,0
,notsched,2,1,0,0,0,0
