SoftConstraints 34,C,1,10,30,60,180,600
,traveltime,5.0,5.0,5.0,5.0,5.0,5.0
,percentage,3.208894286556886e-33,5.565350242149317e-28,2.7339431968516495e-24,4.6476475661223555e-23,1.0912545737078152e-19,5.5316732035115e-12
,notsched,3,2,2,2,1,1
