SoftConstraints 34,D,1,10,30,60,180,600
,traveltime,8.5,8.0,7.5,7.5,7.5,7.5
,percentage,6.182958468827839e-29,3.692261715090656e-26,9.295191400074718e-23,2.990254541086691e-21,4.569412117684932e-19,2.2509651084330624e-15
,notsched,3,2,1,1,1,1
