SoftConstraints 34,E,1,10,30,60,180,600
,traveltime,9.5,9.5,7.0,6.0,6.0,6.0
,percentage,1.937363764037355e-34,1.2380141924951508e-30,1.3431701353627762e-20,6.621749484629148e-17,3.2420520737538417e-13,5.83575147419481e-12
,notsched,1,1,1,1,1,1
