SoftConstraints 35,A,1,10,30,60,180,600
,traveltime,5.0,5.0,5.0,7.0,7.0,7.0
,percentage,2.8779114639240506e-34,1.7605014952142026e-31,4.499976656354354e-30,1.3755763694814137e-27,3.5760232253705544e-26,2.149459120401767e-23
,notsched,3,3,3,2,2,1
