SoftConstraints 35,B,1,10,30,60,180,600
,traveltime,6.0,5.5,5.5,5.5,5.5,5.5
,percentage,2.0847865951158227e-26,1.0649426094203967e-20,1.0649966565773558e-20,1.066247438846691e-20,9.052063072792287e-20,1.9172774765140002e-19
,notsched,1,1,1,1,1,1
