SoftConstraints 35,C,1,10,30,60,180,600
,traveltime,6.5,6.5,6.0,7.0,7.0,7.0
,percentage,1.267071859151891e-35,3.8074339765840207e-31,1.1935909506926715e-28,6.068276690833057e-27,9.370350715960961e-22,5.24623895692245e-19
,notsched,2,2,2,1,1,1
