SoftConstraints 35,D,1,10,30,60,180,600
,traveltime,6.5,6.5,6.5,6.5,8.0,7.0
,percentage,2.716819272278499e-32,6.792048152876017e-29,1.765933606475469e-27,1.3194259953438672e-26,3.979758164876747e-23,1.9664418200474224e-11
,notsched,2,2,2,2,1,0
