SoftConstraints 35,E,1,10,30,60,180,600
,traveltime,9.5,9.5,9.5,9.0,9.0,9.0
,percentage,5.2858937265710564e-33,5.184241924136997e-31,9.530061082940948e-30,8.286168632201626e-29,3.271923489964822e-28,3.7811420952047413e-26
,notsched,3,3,3,3,3,3
