Hard Constraint 30,b,1,10,30,60,180
,traveltime,10.0,10.0,9.5,9.5,9.5,8.5,2.5
,percentage,1.6580498744492164e-30,4.229000905252899e-29,6.234079897288036e-28,1.2462405209974184e-27,1.0328101848388449e-22,2.0692187162418238e-22,END
