Hard Constraint 30,c,1,10,30,60,180
,traveltime,7.0,7.0,7.0,7.0,7.0,7.0
,percentage,3.412456651259739e-22,2.657326202463893e-21,1.8870143561256786e-20,1.350170165994624e-19,1.3555842660750656e-18,6.782895024733813e-19
