Hard Constraint 30,d,1,10,30,60,180
,traveltime,10.0,9.5,9.5,9.0,8.5,8.0
,percentage,6.272686651208153e-31,8.511945132920296e-26,1.7420088588350065e-25,1.7466376800483953e-25,4.333441759314337e-25,8.605846726666727e-24
