Hard Constraint 30,e,1,10,30,60,180
,traveltime,8.0,7.5,7.5,7.5,7.5,7.5
,percentage,7.80858607430577e-31,1.029050943546816e-28,3.952708441720744e-28,4.7370610442135876e-27,7.485984649671639e-27,5.673549511571151e-26
