SoftConstraints 30,A,1,10,30,60,180,600
,traveltime,6.0,6.0,5.5,5.5,5.0,4.5
,percentage,7.038393104066148e-24,6.5993389001322e-17,6.48409472974978e-13,6.709777652220798e-13,5.835685256660195e-12,3.1917956307629453e-09
,notsched,0,0,0,0,0,0
