SoftConstraints 30,B,1,10,30,60,180,600
,traveltime,3.5,3.5,3.5,3.5,3.0,2.0
,percentage,2.1282441105202576e-24,1.6932862538973735e-18,5.394767347916178e-16,9.369519042199874e-11,4.6032468875080756e-07,0.03844721316705195
,notsched,0,0,0,0,0,0
