SoftConstraints 30,C,1,10,30,60,180,600
,traveltime,10.0,7.0,8.0,8.0,7.0,6.5
,percentage,3.49295466639847e-23,8.400373551129733e-16,2.7138159739283845e-13,7.454490254001931e-11,2.1539579113371384e-08,6.2654213172436705e-06
,notsched,0,1,0,0,0,0
