SoftConstraints 30,D,1,10,30,60,180,600
,traveltime,5.5,5.0,6.0,5.5,5.0,5.0
,percentage,2.022637578874966e-27,1.2662485500809376e-24,2.283412457037528e-19,2.3098489207798443e-15,7.82551971065464e-06,0
,notsched,1,1,0,0,0,0
