SoftConstraints 30,E,1,10,30,60,180,600
,traveltime,6.0,4.0,4.0,4.0,4.0,4.0
,percentage,1.6194000738331286e-28,5.513724151566766e-12,2.7177434649720194e-08,4.890009241900314e-07,0.00015653896019089276,0.03844675294186815
,notsched,0,0,0,0,0,0
