SoftConstraints 33,A,1,10,30,60,180,600
,traveltime,7.0,7.0,6.5,6.5,6.5,7.0
,percentage,9.697581952209207e-32,3.573810537600117e-26,5.164764046567545e-24,1.5492687722341686e-23,2.5375888124246233e-20,1.466426267901228e-17
,notsched,1,1,1,1,1,1
