SoftConstraints 33,B,1,10,30,60,180,600
,traveltime,7.0,7.0,7.0,7.0,7.0,7.0
,percentage,3.207561342980073e-29,9.084735844605034e-20,1.5388799424469342e-18,2.6256168531038652e-17,8.006594065105031e-15,2.31390577552237e-12
,notsched,2,1,1,1,1,1
