SoftConstraints 33,C,1,10,30,60,180,600
,traveltime,5.5,5.5,5.5,7.5,7.5,6.0
,percentage,1.0675102264994538e-33,3.2164796985994307e-31,2.2821620912518012e-30,1.635932754868014e-29,5.009084615428299e-27,7.11226292616411e-21
,notsched,2,2,2,1,1,1
