SoftConstraints 33,D,1,10,30,60,180,600
,traveltime,5.0,5.5,5.5,5.5,5.5,5.5
,percentage,8.903026014963994e-31,1.3887978285302078e-26,6.943723934634206e-25,7.0826108139702675e-25,2.173457029905877e-22,1.3561505430158825e-19
,notsched,2,1,1,1,1,1
