SoftConstraints 33,E,1,10,30,60,180,600
,traveltime,5.5,5.5,5.5,5.5,5.0,5.0
,percentage,1.9013387917235008e-31,1.4684114050786157e-28,2.039046049800534e-26,7.123103096694507e-21,1.0131525590422717e-14,4.9603325179889245e-11
,notsched,1,1,1,0,0,0
