SoftConstraints 32,A,1,10,30,60,180,600
,traveltime,4.5,4.5,4.5,4.5,4.5,3.5
,percentage,7.801247247441354e-31,7.863458150530997e-29,1.5172007487682989e-27,1.7557617931403307e-22,0.07262251076108024,0
,notsched,1,1,1,0,0,0
