SoftConstraints 32,B,1,10,30,60,180,600
,traveltime,5.0,4.5,4.5,6.0,7.5,8.0
,percentage,2.5370693523579744e-20,8.498368510935152e-15,7.204550147290393e-14,7.417914645895945e-14,6.484094729614807e-13,1.8800273909995457e-10
,notsched,2,2,2,1,0,0
