SoftConstraints 32,C,1,10,30,60,180,600
,traveltime,8.5,7.0,7.0,7.0,6.5,6.0
,percentage,2.3381685623237653e-26,4.6397913629953324e-20,2.2438695958118972e-15,3.2420907523424727e-13,9.953085821913476e-11,1.6868406248923316e-09
,notsched,0,0,0,0,0,0
