SoftConstraints 32,D,1,10,30,60,180,600
,traveltime,6.0,6.0,6.0,6.0,6.0,6.0
,percentage,6.689959247691493e-27,3.895936846260862e-18,2.0192722849068694e-14,5.512668325028257e-12,3.1911853629135436e-09,0.002269399117109841
,notsched,0,0,0,0,0,0
