SoftConstraints 32,E,1,10,30,60,180,600
,traveltime,7.0,7.0,6.5,6.5,7.0,7.0
,percentage,2.2311299986745474e-27,5.772949951660148e-24,8.87019981277249e-23,2.742990788334586e-22,1.2464627698789356e-16,8.695016155788844e-07
,notsched,2,2,2,2,1,0
